INSERT INTO tb_alunos (id,nome,cpf,celular,email,endereco,bairro,cidade,uf,cep,status)
VALUES
  (1, 'João Silva', '12345678900', '987654321', 'john@example.com', 'Rua A', 'Centro', 'São Paulo', 'SP', '01234-567','t'),
  (2, 'Maria Santos', '98765432100', '123456789', 'maria@example.com', 'Rua B', 'Bairro X', 'Rio de Janeiro', 'RJ', '76543-210','t'),
  (3, 'Carlos Oliveira', '65432198700', '567890123', 'carlos@example.com', 'Rua C', 'Bairro Y', 'Belo Horizonte', 'MG', '54321-076','t'),
  (4, 'Amanda Ferreira', '56789012300', '321987654', 'amanda@example.com', 'Rua D', 'Bairro Z', 'São Paulo', 'SP', '98765-432','t'),
  (5, 'Rodrigo Lima', '43210987600', '654321987', 'rodrigo@example.com', 'Rua E', 'Centro', 'Rio de Janeiro', 'RJ', '87654-321','f'),
  (6, 'Sabrina Costa', '32198765400', '890123456', 'sabrina@example.com', 'Rua F', 'Bairro X', 'Belo Horizonte', 'MG', '23456-789','f'),
  (7, 'Lucas Santos', '89012345600', '432109876', 'lucas@example.com', 'Rua G', 'Bairro Y', 'São Paulo', 'SP', '76543-210','t'),
  (8, 'Fernanda Oliveira', '67890123400', '109876543', 'fernanda@example.com', 'Rua H', 'Bairro Z', 'Rio de Janeiro', 'RJ', '65432-109','t'),
  (9, 'André Sousa', '45678901200', '987654321', 'andre@example.com', 'Rua I', 'Centro', 'Rio de Janeiro', 'RJ', '54321-098','t'),
  (10, 'Juliana Lima', '34567890100', '876543210', 'juliana@example.com', 'Rua J', 'Bairro X', 'São Paulo', 'SP', '43210-987','t'),
  (11, 'Paulo Ferreira', '23456789000', '765432109', 'paulo@example.com', 'Rua K', 'Bairro Y', 'Rio de Janeiro', 'RJ', '32109-876','f'),
  (12, 'Patrícia Costa', '89012345600', '654321098', 'patricia@example.com', 'Rua L', 'Bairro Z', 'Belo Horizonte', 'MG', '21098-765','f'),
  (13, 'Marcelo Santos', '67890123400', '543210987', 'marcelo@example.com', 'Rua M', 'Centro', 'São Paulo', 'SP', '10987-654','t'),
  (14, 'Camila Oliveira', '56789012300', '432109876', 'camila@example.com', 'Rua N', 'Bairro X', 'Rio de Janeiro', 'RJ', '09876-543','t'),
  (15, 'Gustavo Silva', '45678901200', '321098765', 'gustavo@example.com', 'Rua O', 'Bairro Y', 'Rio de Janeiro', 'RJ', '98765-432','t'),
  (16, 'Larissa Ferreira', '34567890100', '210987654', 'larissa@example.com', 'Rua P', 'Centro', 'São Paulo', 'SP', '87654-321','t'),
  (17, 'Marcos Costa', '23456789000', '109876543', 'marcos@example.com', 'Rua Q', 'Bairro Z', 'Rio de Janeiro', 'RJ', '76543-210','t'),
  (18, 'Carolina Sousa', '90123456700', '987654321', 'carolina@example.com', 'Rua R', 'Bairro X', 'Belo Horizonte', 'MG', '65432-109','f'),
  (19, 'Vitor Lima', '78901234500', '876543210', 'vitor@example.com', 'Rua S', 'Centro', 'São Paulo', 'SP', '54321-098','f'),
  (20, 'Alice Ferreira', '67890123400', '765432109', 'alice@example.com', 'Rua T', 'Bairro Y', 'Rio de Janeiro', 'RJ', '43210-987','f'),
  (21, 'Rafaela Costa', '56789012300', '654321098', 'rafaela@example.com', 'Rua U', 'Bairro Z', 'Rio de Janeiro', 'RJ', '32109-876','t'),
  (22, 'Diego Santos', '45678901200', '543210987', 'diego@example.com', 'Rua V', 'Centro', 'São Paulo', 'SP', '21098-765','t'),
  (23, 'Isabela Oliveira', '34567890100', '432109876', 'isabela@example.com', 'Rua W', 'Bairro X', 'Rio de Janeiro', 'RJ', '10987-654','t'),
  (24, 'Rodrigo Sousa', '23456789000', '321098765', 'rodrigo@example.com', 'Rua X', 'Bairro Y', 'Belo Horizonte', 'MG', '09876-543','t'),
  (25, 'Beatriz Lima', '90123456700', '210987654', 'beatriz@example.com', 'Rua Y', 'Centro', 'São Paulo', 'SP', '98765-432','t'),
  (26, 'Lucas Ferreira', '78901234500', '109876543', 'lucas@example.com', 'Rua Z', 'Bairro Z', 'Rio de Janeiro', 'RJ', '87654-321','f'),
  (27, 'Ana Costa', '67890123400', '987654321', 'ana@example.com', 'Rua AA', 'Bairro X', 'Belo Horizonte', 'MG', '76543-210','t'),
  (28, 'Mateus Santos', '56789012300', '876543210', 'mateus@example.com', 'Rua BB', 'Centro', 'São Paulo', 'SP', '65432-109','t'),
  (29, 'Sophia Oliveira', '45678901200', '765432109', 'sophia@example.com', 'Rua CC', 'Bairro Y', 'Rio de Janeiro', 'RJ', '54321-098','f'),
  (30, 'Davi Lima', '34567890100', '654321098', 'davi@example.com', 'Rua DD','Bairro Z', 'Belo Horizonte', 'MG', '43210-987','t'),
  (31, 'Gabriela Ferreira', '23456789000', '543210987', 'gabriela@example.com', 'Rua EE', 'Centro', 'São Paulo', 'SP', '32109-876','t'),
  (32, 'Enzo Costa', '90123456700', '432109876', 'enzo@example.com', 'Rua FF', 'Bairro X', 'Rio de Janeiro', 'RJ', '21098-765','t'),
  (33, 'Letícia Sousa', '78901234500', '321098765', 'leticia@example.com', 'Rua GG', 'Bairro Y', 'Rio de Janeiro', 'RJ', '10987-654','f'),
  (34, 'Guilherme Santos', '67890123400', '210987654', 'guilherme@example.com', 'Rua HH', 'Centro', 'São Paulo', 'SP', '09876-543','t'),
  (35, 'Helena Oliveira', '56789012300', '109876543', 'helena@example.com', 'Rua II', 'Bairro Z', 'Rio de Janeiro', 'RJ', '98765-432','t'),
  (36, 'Eduardo Lima', '45678901200', '987654321', 'eduardo@example.com', 'Rua JJ', 'Bairro X', 'Belo Horizonte', 'MG', '87654-321','t'),
  (37, 'Laura Ferreira', '34567890100', '876543210', 'laura@example.com', 'Rua KK', 'Centro', 'São Paulo', 'SP', '76543-210','t'),
  (38, 'Miguel Costa', '23456789000', '765432109', 'miguel@example.com', 'Rua LL', 'Bairro Y', 'Rio de Janeiro', 'RJ', '65432-109','t'),
  (39, 'Sofia Sousa', '90123456700', '654321098', 'sofia@example.com', 'Rua MM', 'Centro', 'Rio de Janeiro', 'RJ', '54321-098','f'),
  (40, 'Luiz Lima', '78901234500', '543210987', 'luiz@example.com', 'Rua NN', 'Bairro X', 'São Paulo', 'SP', '43210-987','t'),
  (41, 'Valentina Ferreira', '67890123400', '432109876', 'valentina@example.com', 'Rua OO', 'Bairro Y', 'Rio de Janeiro', 'RJ', '32109-876','f'),
  (42, 'Bruno Costa', '56789012300', '321098765', 'bruno@example.com', 'Rua PP', 'Bairro Z', 'Belo Horizonte', 'MG', '21098-765','t'),
  (43, 'Gabrielle Santos', '45678901200', '210987654', 'gabrielle@example.com', 'Rua QQ', 'Centro', 'São Paulo', 'SP', '10987-654','t'),
  (44, 'Isaac Oliveira', '34567890100', '109876543', 'isaac@example.com', 'Rua RR', 'Bairro X', 'Rio de Janeiro', 'RJ', '98765-432','f'),
  (45, 'Manuela Sousa', '23456789000', '987654321', 'manuela@example.com', 'Rua SS', 'Bairro Y', 'Belo Horizonte', 'MG', '87654-321','t'),
  (46, 'Ryan Lima', '90123456700', '876543210', 'ryan@example.com', 'Rua TT', 'Centro', 'São Paulo', 'SP', '76543-210','t'),
  (47, 'Yasmin Ferreira', '78901234500', '765432109', 'yasmin@example.com', 'Rua UU', 'Bairro Z', 'Rio de Janeiro', 'RJ', '65432-109','t'),
  (48, 'José Costa', '67890123400', '654321098', 'jose@example.com', 'Rua VV', 'Centro', 'Belo Horizonte', 'MG', '54321-098','f'),
  (49, 'Amanda Santos', '56789012300', '543210987', 'amanda@example.com', 'Rua WW', 'Bairro X', 'São Paulo', 'SP', '43210-987','t'),
  (50, 'Matheus Oliveira', '45678901200', '432109876', 'matheus@example.com', 'Rua XX', 'Bairro Y', 'Rio de Janeiro', 'RJ', '32109-876','t'),
  (51, 'Cecília Lima', '34567890100', '321098765', 'cecilia@example.com', 'Rua YY', 'Centro', 'Rio de Janeiro', 'RJ', '21098-765','t'),
  (52, 'Rafaela Ferreira', '23456789000', '210987654', 'rafaela@example.com', 'Rua ZZ', 'Bairro Z', 'São Paulo', 'SP', '10987-654','t'),
  (53, 'Diego Costa', '90123456700', '109876543', 'diego@example.com', 'Rua AA1', 'Bairro X', 'Rio de Janeiro', 'RJ', '98765-432','t'),
  (54, 'Isabela Santos', '78901234500', '987654321', 'isabela@example.com', 'Rua BB1', 'Bairro Y','Belo Horizonte', 'MG', '87654-321','t'),
  (55, 'Eduardo Lima', '67890123400', '876543210', 'eduardo@example.com', 'Rua CC1', 'Centro', 'São Paulo', 'SP', '76543-210','f'),
  (56, 'Carolina Ferreira', '56789012300', '765432109', 'carolina@example.com', 'Rua DD1', 'Bairro Z', 'Rio de Janeiro', 'RJ', '65432-109','f'),
  (57, 'Miguel Costa', '45678901200', '654321098', 'miguel@example.com', 'Rua EE1', 'Bairro X', 'Rio de Janeiro', 'RJ', '54321-098','t'),
  (58, 'Valentina Santos', '34567890100', '543210987', 'valentina@example.com', 'Rua FF1', 'Centro', 'São Paulo', 'SP', '43210-987','t'),
  (59, 'Lucas Oliveira', '23456789000', '432109876', 'lucas@example.com', 'Rua GG1', 'Bairro Y', 'Rio de Janeiro', 'RJ', '32109-876','t'),
  (60, 'Manuela Lima', '90123456700', '321098765', 'manuela@example.com', 'Rua HH1', 'Centro', 'Belo Horizonte', 'MG', '21098-765','t'),
  (61, 'Henrique Ferreira', '78901234500', '210987654', 'henrique@example.com', 'Rua II1', 'Bairro Z', 'São Paulo', 'SP', '10987-654','t'),
  (62, 'Alice Costa', '67890123400', '109876543', 'alice@example.com', 'Rua JJ1', 'Bairro X', 'Rio de Janeiro', 'RJ', '98765-432','t'),
  (63, 'Gustavo Santos', '56789012300', '987654321', 'gustavo@example.com', 'Rua KK1', 'Centro', 'Rio de Janeiro', 'RJ', '87654-321','t'),
  (64, 'Larissa Oliveira', '45678901200', '876543210', 'larissa@example.com', 'Rua LL1', 'Bairro Y', 'São Paulo', 'SP', '76543-210','t'),
  (65, 'João Ferreira', '34567890100', '765432109', 'joao@example.com', 'Rua MM1', 'Bairro Z', 'Rio de Janeiro', 'RJ', '65432-109','f'),
  (66, 'Isabella Lima', '23456789000', '654321098', 'isabella@example.com', 'Rua NN1', 'Centro', 'Belo Horizonte', 'MG', '54321-098','t'),
  (67, 'Arthur Costa', '90123456700', '543210987', 'arthur@example.com', 'Rua OO1', 'Bairro X', 'São Paulo', 'SP', '43210-987','t'),
  (68, 'Sophia Santos', '78901234500', '432109876', 'sophia@example.com', 'Rua PP1', 'Bairro Y', 'Rio de Janeiro', 'RJ', '32109-876','t'),
  (69, 'Bernardo Oliveira', '67890123400', '321098765', 'bernardo@example.com', 'Rua QQ1', 'Centro', 'Rio de Janeiro', 'RJ', '21098-765','t'),
  (70, 'Amanda Lima', '56789012300', '210987654', 'amanda@example.com', 'Rua RR1', 'Bairro Z', 'São Paulo', 'SP', '10987-654','t'),
  (71, 'Thiago Ferreira', '45678901200', '109876543', 'thiago@example.com', 'Rua SS1', 'Bairro X', 'Rio de Janeiro', 'RJ', '98765-432','t'),
  (72, 'Valentina Costa', '34567890100', '987654321', 'valentina@example.com', 'Rua TT1', 'Centro', 'Rio de Janeiro', 'RJ', '87654-321','t'),
  (73, 'Bruno Santos', '23456789000', '876543210', 'bruno@example.com', 'Rua UU1', 'Bairro Y', 'São Paulo', 'SP', '76543-210','t'),
  (74, 'Isabela Oliveira', '90123456700', '765432109', 'isabela@example.com', 'Rua VV1', 'Bairro Z', 'Rio de Janeiro', 'RJ', '65432-109','t'),
  (75, 'Gabriel Lima', '78901234500', '654321098', 'gabriel@example.com', 'Rua WW1', 'Centro', 'Belo Horizonte', 'MG', '54321-098','t'),
  (76, 'Julia Ferreira', '67890123400', '543210987', 'julia@example.com', 'Rua XX1', 'Bairro X', 'São Paulo', 'SP', '43210-987','f'),
  (77, 'Luiz Costa', '56789012300', '432109876', 'luiz@example.com', 'Rua YY1', 'Bairro Y', 'Rio de Janeiro', 'RJ', '32109-876','t'),
  (78, 'Sofia Santos', '45678901200', '321098765', 'sofia@example.com', 'Rua ZZ1', 'Centro', 'Rio de Janeiro', 'RJ', '21098-765','t'),
  (79, 'Davi Oliveira', '34567890100', '210987654', 'davi@example.com', 'Rua AA2', 'Bairro Z', 'São Paulo', 'SP', '10987-654','t'),
  (80, 'Helena Lima', '23456789000', '109876543', 'helena@example.com', 'Rua BB2', 'Bairro X','Rio de Janeiro', 'RJ', '98765-432','t'),
  (81, 'Eduardo Ferreira', '90123456700', '987654321', 'eduardo@example.com', 'Rua CC2', 'Centro', 'Belo Horizonte', 'MG', '87654-321','t'),
  (82, 'Beatriz Costa', '78901234500', '876543210', 'beatriz@example.com', 'Rua DD2', 'Bairro Y', 'São Paulo', 'SP', '76543-210','t'),
  (83, 'Lucas Santos', '67890123400', '765432109', 'lucas@example.com', 'Rua EE2', 'Bairro Z', 'Rio de Janeiro', 'RJ', '65432-109','f'),
  (84, 'Marina Oliveira', '56789012300', '654321098', 'marina@example.com', 'Rua FF2', 'Centro', 'Belo Horizonte', 'MG', '54321-098','t'),
  (85, 'Vitor Lima', '45678901200', '543210987', 'vitor@example.com', 'Rua GG2', 'Bairro X', 'São Paulo', 'SP', '43210-987','f'),
  (86, 'Sophia Ferreira', '34567890100', '432109876', 'sophia@example.com', 'Rua HH2', 'Bairro Y', 'Rio de Janeiro', 'RJ', '32109-876','t'),
  (87, 'Matheus Costa', '23456789000', '321098765', 'matheus@example.com', 'Rua II2', 'Centro', 'Belo Horizonte', 'MG', '21098-765','t'),
  (88, 'Camila Santos', '90123456700', '210987654', 'camila@example.com', 'Rua JJ2', 'Bairro Z', 'São Paulo', 'SP', '10987-654','t'),
  (89, 'Lorenzo Lima', '78901234500', '109876543', 'lorenzo@example.com', 'Rua KK2', 'Bairro X', 'Rio de Janeiro', 'RJ', '98765-432','f'),
  (90, 'Gabriela Ferreira', '67890123400', '987654321', 'gabriela@example.com', 'Rua LL2', 'Centro', 'Belo Horizonte', 'MG', '87654-321','t');

INSERT INTO tb_alunos (id,nome,cpf,celular,email,endereco,bairro,cidade,uf,cep,status)
VALUES
(91,'Enzo Costa','56789012300','876543210','enzo@example.com','Rua MM2','Bairro Y','São Paulo','SP','76543-210','t'),
(92,'Lívia Santos','45678901200','765432109','livia@example.com','Rua NN2','Bairro Z','Rio de Janeiro','RJ','65432-109','t'),
(93,'Rafael Lima','34567890100','654321098','rafael@example.com','Rua OO2','Centro','Belo Horizonte','MG','54321-098','t'),
(94,'Larissa Ferreira','23456789000','543210987','larissa@example.com','Rua PP2','Bairro X','São Paulo','SP','43210-987','f'),
(95,'Henrique Costa','90123456700','432109876','henrique@example.com','Rua QQ2','Bairro Y','Rio de Janeiro','RJ','32109-876','t'),
(96,'Ana Santos','78901234500','321098765','ana@example.com','Rua RR2','Centro','Belo Horizonte','MG','21098-765','f'),
(97,'Daniel Oliveira','67890123400','210987654','daniel@example.com','Rua SS2','Bairro Z','São Paulo','SP','10987-654','t'),
(98,'Mariana Lima','56789012300','109876543','mariana@example.com','Rua TT2','Bairro X','Rio de Janeiro','RJ','98765-432','t'),
(99,'Guilherme Ferreira','45678901200','987654321','guilherme@example.com','Rua UU2','Centro','Belo Horizonte','MG','87654-321','t'),
(100,'Carolina Costa','34567890100','876543210','carolina@example.com','Rua VV2','Bairro Y','São Paulo','SP','76543-210','f'),
(101,'Marcelo Santos','23456789000','765432109','marcelo@example.com','Rua WW2','Bairro Z','Rio de Janeiro','RJ','65432-109','t'),
(102,'Lorena Lima','90123456700','654321098','lorena@example.com','Rua XX2','Centro','Belo Horizonte','MG','54321-098','t'),
(103,'Gustavo Ferreira','78901234500','543210987','gustavo@example.com','Rua YY2','Bairro X','São Paulo','SP','43210-987','t'),
(104, 'Maria Costa', '67890123400', '432109876', 'maria@example.com', 'Rua ZZ2', 'Centro', 'Rio de Janeiro', 'RJ', '32109-876', 't'),
(105, 'Pedro Santos', '56789012300', '321098765', 'pedro@example.com', 'Rua AA3', 'Bairro Y', 'Belo Horizonte', 'MG', '21098-765', 't'),
(106, 'Isabel Lima', '45678901200', '210987654', 'isabel@example.com', 'Rua BB3', 'Centro', 'São Paulo', 'SP', '10987-654', 'f'),
(107, 'Luiz Ferreira', '34567890100', '109876543', 'luiz@example.com', 'Rua CC3', 'Bairro Z', 'Rio de Janeiro', 'RJ', '98765-432', 'f'),
(108, 'Melissa Costa', '23456789000', '987654321', 'melissa@example.com', 'Rua DD3', 'Centro', 'Belo Horizonte', 'MG', '87654-321', 't'),
(109, 'Enzo Santos', '90123456700', '876543210', 'enzo@example.com', 'Rua EE3', 'Bairro X', 'São Paulo', 'SP', '76543-210', 't'),
(110, 'Isadora Lima', '78901234500', '765432109', 'isadora@example.com', 'Rua FF3', 'Centro', 'Rio de Janeiro', 'RJ', '65432-109', 't'),
(111, 'Lucas Costa', '67890123400', '654321098', 'lucas@example.com', 'Rua GG3', 'Bairro Y', 'Belo Horizonte', 'MG', '54321-098', 't'),
(112, 'Beatriz Santos', '56789012300', '543210987', 'beatriz@example.com', 'Rua HH3', 'Centro', 'São Paulo', 'SP', '43210-987', 't'),
(113, 'João Oliveira', '45678901200', '432109876', 'joao@example.com', 'Rua II3', 'Bairro Z', 'Rio de Janeiro', 'RJ', '32109-876', 't'),
(114, 'Eloá Lima', '34567890100', '321098765', 'eloa@example.com', 'Rua JJ3', 'Centro', 'Belo Horizonte', 'MG', '21098-765', 't'),
(115, 'Lorenzo Ferreira', '23456789000', '210987654', 'lorenzo@example.com', 'Rua KK3', 'Bairro A', 'São Paulo', 'SP', '10987-654', 't'),
(116, 'Sofia Costa', '90123456700', '109876543', 'sofia@example.com', 'Rua LL3', 'Bairro X', 'Rio de Janeiro', 'RJ', '98765-432', 't'),
(117, 'Arthur Santos', '78901234500', '987654321', 'arthur@example.com', 'Rua MM3', 'Centro', 'Belo Horizonte', 'MG', '87654-321', 't'),
(118, 'Cecília Lima', '67890123400', '876543210', 'cecilia@example.com', 'Rua NN3', 'Bairro X', 'São Paulo', 'SP', '76543-210', 'f'),
(119, 'Eduardo Ferreira', '56789012300', '765432109', 'eduardo@example.com', 'Rua OO3', 'Bairro Y', 'Rio de Janeiro', 'RJ', '65432-109', 't'),
(120, 'Mariana Costa', '45678901200', '654321098', 'mariana@example.com', 'Rua PP3', 'Centro', 'Belo Horizonte', 'MG', '54321-098', 't'),
(121, 'Matheus Santos', '34567890100', '543210987', 'matheus@example.com', 'Rua QQ3', 'Centro', 'São Paulo', 'SP', '43210-987', 't'),
(122, 'Helena Lima', '23456789000', '432109876', 'helena@example.com', 'Rua RR3', 'Bairro Z', 'Rio de Janeiro', 'RJ', '32109-876', 'f'),
(123, 'Luiz Ferreira', '90123456700', '321098765', 'luiz@example.com', 'Rua SS3', 'Centro', 'Belo Horizonte', 'MG', '21098-765', 't'),
(124, 'Valentina Costa', '78901234500', '210987654', 'valentina@example.com', 'Rua TT3', 'Centro', 'São Paulo', 'SP', '10987-654', 't'),
(125, 'Bruno Santos', '67890123400', '109876543', 'bruno@example.com', 'Rua UU3', 'Bairro X', 'Rio de Janeiro', 'RJ', '98765-432', 't'),
(126, 'Melissa Lima', '56789012300', '987654321', 'melissa@example.com', 'Rua VV3', 'Centro', 'Belo Horizonte', 'MG', '87654-321', 't'),
(127, 'Gabriel Costa', '45678901200', '876543210', 'gabriel@example.com', 'Rua WW3', 'Bairro Y', 'São Paulo', 'SP', '76543-210', 't'),
(128, 'Larissa Santos', '34567890100', '765432109', 'larissa@example.com', 'Rua XX3', 'Bairro X', 'Rio de Janeiro', 'RJ', '65432-109', 'f'),
(129, 'Guilherme Oliveira', '23456789000', '654321098', 'guilherme@example.com', 'Rua YY3', 'Bairro Z', 'Belo Horizonte', 'MG', '54321-098', 't'),
(130, 'Carolina Lima', '90123456700', '543210987', 'carolina@example.com', 'Rua ZZ3', 'Centro', 'São Paulo', 'SP', '43210-987', 't'),
(131, 'André Ferreira', '78901234500', '432109876', 'andre@example.com', 'Rua AA4', 'Bairro X', 'Rio de Janeiro', 'RJ', '32109-876', 'f'),
(132, 'Maria Santos', '67890123400', '321098765', 'maria@example.com', 'Rua BB4', 'Bairro Z', 'Belo Horizonte', 'MG', '21098-765', 't'),
(133, 'Lucas Lima', '56789012300', '210987654', 'lucas@example.com', 'Rua CC4', 'Centro', 'São Paulo', 'SP', '10987-654', 'f'),
(134, 'Gabriela Costa', '45678901200', '109876543', 'gabriela@example.com', 'Rua DD4', 'Bairro Z', 'Rio de Janeiro', 'RJ', '98765-432', 't'),
(135, 'Davi Santos', '34567890100', '987654321', 'davi@example.com', 'Rua EE4', 'Centro', 'Belo Horizonte', 'MG', '87654-321', 't'),
(136, 'Ana Lima', '23456789000', '876543210', 'ana@example.com', 'Rua FF4', 'Centro', 'São Paulo', 'SP', '76543-210', 't'),
(137, 'Rafael Ferreira', '90123456700', '765432109', 'rafael@example.com', 'Rua GG4', 'Bairro Y', 'Rio de Janeiro', 'RJ', '65432-109', 'f'),
(138, 'Larissa Costa', '78901234500', '654321098', 'larissa@example.com', 'Rua HH4', 'Centro', 'Belo Horizonte', 'MG', '54321-098', 't'),
(139, 'Vitor Santos', '67890123400', '543210987', 'vitor@example.com', 'Rua II4', 'Centro', 'São Paulo', 'SP', '43210-987', 't'),
(140, 'Sofia Lima', '56789012300', '432109876', 'sofia@example.com', 'Rua JJ4', 'Bairro X', 'Rio de Janeiro', 'RJ', '32109-876', 't'),
(141, 'Thiago Ferreira', '45678901200', '321098765', 'thiago@example.com', 'Rua KK4', 'Bairro Z', 'Belo Horizonte', 'MG', '21098-765', 't'),
(142, 'Julia Costa', '34567890100', '210987654', 'julia@example.com', 'Rua LL4', 'Centro', 'São Paulo', 'SP', '10987-654', 't'),
(143, 'Luiz Santos', '23456789000', '109876543', 'luiz@example.com', 'Rua MM4', 'Bairro Z', 'Rio de Janeiro', 'RJ', '98765-432', 'f'),
(144, 'Carolina Oliveira', '90123456700', '987654321', 'carolina@example.com', 'Rua NN4', 'Bairro X', 'Belo Horizonte', 'MG', '87654-321', 't'),
(145, 'Gabriel Lima', '78901234500', '876543210', 'gabriel@example.com', 'Rua OO4', 'Centro', 'São Paulo', 'SP', '76543-210', 't'),
(146, 'Isabela Santos', '67890123400', '765432109', 'isabela@example.com', 'Rua PP4', 'Bairro A', 'Rio de Janeiro', 'RJ', '65432-109', 't'),
(147, 'Eduardo Costa', '56789012300', '654321098', 'eduardo@example.com', 'Rua QQ4', 'Bairro Z', 'Belo Horizonte', 'MG', '54321-098', 't'),
(148, 'Mariana Ferreira', '45678901200', '543210987', 'mariana@example.com', 'Rua RR4', 'Centro', 'São Paulo', 'SP', '43210-987', 't'),
(149, 'Lucas Lima', '34567890100', '432109876', 'lucas@example.com', 'Rua SS4', 'Bairro V', 'Rio de Janeiro', 'RJ', '32109-876', 't'),
(150, 'Beatriz Costa', '23456789000', '321098765', 'beatriz@example.com', 'Rua TT4', 'Bairro Z', 'Belo Horizonte', 'MG', '21098-765', 't'),
(151, 'Rafaela Oliveira', '90123456711', '543210987', 'rafaela@example.com', 'Rua VV3', 'Centro', 'São Paulo', 'SP', '43210-987', 't'),
(152, 'Felipe Santos', '79012345622', '432109876', 'felipe@example.com', 'Rua WW3', 'Bairro A', 'Rio de Janeiro', 'RJ', '32109-876', 't'),
(153, 'Isabella Lima', '67801234533', '321098765', 'isabella@example.com', 'Rua XX3', 'Bairro XX', 'Belo Horizonte', 'MG', '21098-765', 't'),
(154, 'Bernardo Ferreira', '56790123444', '210987654', 'bernardo@example.com', 'Rua YY3', 'Centro', 'São Paulo', 'SP', '10987-654', 'f'),
(155, 'Helena Costa', '45689012355', '109876543', 'helena@example.com', 'Rua ZZ3', 'Bairro X', 'Rio de Janeiro', 'RJ', '98765-432', 't'),
(156, 'Lucas Oliveira', '34578901266', '987654321', 'lucas@example.com', 'Rua AA4', 'Bairro XX', 'Belo Horizonte', 'MG', '87654-321', 't'),
(157, 'Yasmin Santos', '23467890177', '876543210', 'yasmin@example.com', 'Rua BB4', 'Centro', 'São Paulo', 'SP', '76543-210', 't'),
(158, 'Gustavo Lima', '12356789088', '765432109', 'gustavo@example.com', 'Rua CC4', 'Centro', 'Rio de Janeiro', 'RJ', '65432-109', 'f'),
(159, 'Laura Costa', '91245678999', '654321098', 'laura@example.com', 'Rua DD4', 'Bairro YN', 'Belo Horizonte', 'MG', '54321-098', 't'),
(160, 'Pedro Ferreira', '80134567810', '543210987', 'pedro@example.com', 'Rua EE4', 'Centro', 'São Paulo', 'SP', '43210-987', 't'),
(161, 'Ana Clara Lima', '69023456721', '432109876', 'anaclara@example.com', 'Rua FF4', 'Centro', 'Rio de Janeiro', 'RJ', '32109-876', 't'),
(162, 'Arthur Santos', '57912345632', '321098765', 'arthur@example.com', 'Rua GG4', 'Bairro YN', 'Belo Horizonte', 'MG', '21098-765', 't'),
(163, 'Valentina Ferreira', '46801234543', '210987654', 'valentina@example.com', 'Rua HH4', 'Centro', 'São Paulo', 'SP', '10987-654', 't'),
(164, 'Bruno Lima', '35790123454', '109876543', 'bruno@example.com', 'Rua II4', 'Bairro X', 'Rio de Janeiro', 'RJ', '98765-432', 't'),
(165, 'Giovanna Santos', '24679012365', '987654321', 'giovanna@example.com', 'Rua JJ4', 'Travessinha', 'Belo Horizonte', 'MG', '87654-321', 'f'),
(166, 'Enzo Ferreira', '13567890176', '876543210', 'enzo@example.com', 'Rua KK4', 'Centro', 'São Paulo', 'SP', '76543-210', 't'),
(167, 'Larissa Lima', '12456789087', '765432109', 'larissa@example.com', 'Rua LL4', 'Bairro X', 'Rio de Janeiro', 'RJ', '65432-109', 't'),
(168, 'Gabriel Costa', '01345678998', '654321098', 'gabriel@example.com', 'Rua MM4', 'Bairro YN', 'Belo Horizonte', 'MG', '54321-098', 't'),
(169, 'Alice Santos', '90123456719', '543210987', 'alice@example.com', 'Rua NN4', 'Centro', 'São Paulo', 'SP', '43210-987', 't'),
(170, 'Thiago Lima', '89012345620', '432109876', 'thiago@example.com', 'Rua OO4', 'Centro', 'Rio de Janeiro', 'RJ', '32109-876', 'f'),
(171, 'Valentina Ferreira', '78901234531', '321098765', 'valentina@example.com', 'Rua PP4', 'Bairro LL', 'Belo Horizonte', 'MG', '21098-765', 't'),
(172, 'Bruno Oliveira', '67890123442', '210987654', 'bruno@example.com', 'Rua QQ4', 'Centro', 'São Paulo', 'SP', '10987-654', 't'),
(173, 'Isabela Costa', '56789012353', '109876543', 'isabela@example.com', 'Rua RR4', 'Avenida A', 'Rio de Janeiro', 'RJ', '98765-432', 't'),
(174, 'Lucas Santos', '45678901264', '987654321', 'lucas@example.com', 'Rua SS4', 'Centro', 'Belo Horizonte', 'MG', '87654-321', 't'),
(175, 'Gabriela Lima', '34567890175', '876543210', 'gabriela@example.com', 'Rua TT4', 'Centro', 'São Paulo', 'SP', '76543-210', 't'),
(176, 'Arthur Ferreira', '23456789086', '765432109', 'arthur@example.com', 'Rua UU4', 'Bairro H', 'Rio de Janeiro', 'RJ', '65432-109', 'f'),
(177, 'Isabella Lima', '12345678997', '654321098', 'isabella@example.com', 'Rua VV4', 'Bairro VV', 'Belo Horizonte', 'MG', '54321-098', 't'),
(178, 'Larissa Santos', '01234567808', '543210987', 'larissa@example.com', 'Rua WW4', 'Centro', 'São Paulo', 'SP', '43210-987', 't'),
(179, 'Felipe Ferreira', '90123456719', '432109876', 'felipe@example.com', 'Rua XX4', 'Centro', 'Rio de Janeiro', 'RJ', '32109-876', 'f'),
(180, 'Giovanna Costa', '79012345620', '321098765', 'giovanna@example.com', 'Rua YY4', 'Bairro X', 'Belo Horizonte', 'MG', '21098-765', 't');



INSERT INTO tb_curso (id,modalidade,duracao_horas) 
VALUES (1,'WebDev Java',450),
		(2,'WebDev JavaScript',422),
		(3,'Análise de Dados',360),
		(4,'Análise de Sistemas',360); 


INSERT INTO tb_modulo(id,posicao) 
VALUES (1,0),
(2,1),
(3,2),
(4,3),
(5,4),
(6,5);

INSERT INTO tb_facilitadores (id,nome,cpf,celular,email,endereco,bairro,cidade,uf,cep)
VALUES (1,'Rafaela Oliveira',90123456711,321098766,'rafaela@example.com','Rua UU4','Bairro Y','Rio de Janeiro','RJ',21098766),
		(2,'Felipe Santos',79012345622,210987655,'felipe@example.com','Rua VV4','Centro','Belo Horizonte','MG',10987655),
		(3,'Isabella Lima',67801234533,109876544,'isabella@example.com','Rua WW4','Bairro X','São Paulo','SP',98765544),
		(4,'Bernardo Ferreira',56790123444,987654433,'bernardo@example.com','Rua XX4','Montes','Rio de Janeiro','RJ',87654433),
		(5,'Helena Costa',45689012355,876543322,'helena@example.com','Rua YY4','Centro','Belo Horizonte','MG',76543322),
		(6,'Lucas Oliveira',34578901266,765432211,'lucas@example.com','Rua ZZ4','Bairro Y','São Paulo','SP',65432211),
		(7,'Yasmin Santos',23467890177,654321100,'yasmin@example.com','Rua AA5','Bairro Y','Rio de Janeiro','RJ',54321100),
		(8,'Gustavo Lima',12356789088,543210999,'gustavo@example.com','Rua BB5','Centro','Belo Horizonte','MG',43210999),
		(9,'Laura Costa',91245678999,432109888,'laura@example.com','Rua CC5','Bairro X','São Paulo','SP',32109888),
		(10,'Pedro Ferreira',80134567810,321098777,'pedro@example.com','Rua DD5','Montes','Rio de Janeiro','RJ',21098777),
		(11,'Ana Clara Lima',69023456721,210987666,'anaclara@example.com','Rua EE5','Centro','Belo Horizonte','MG',10987666),
		(12,'Arthur Santos',57912345632,109876555,'arthur@example.com','Rua FF5','Bairro Y','São Paulo','SP',98765555);

INSERT INTO tb_turma (id,id_curso,id_modulo,n_alunos) 
VALUES (1,3,3,30),
(2,4,1,30),
(3,1,1,30),
(4,1,2,30),
(5,2,4,30),
(6,2,6,30);

INSERT INTO tb_facilitadores_turma (id_facilitador,id_turma,funcao)
VALUES (1,1,'TECH'),
(2,2,'TECH'),
(2,3,'TECH'),
(3,4,'TECH'),
(4,5,'TECH'),
(5,6,'TECH'),
(6,1,'SOFT'),
(6,2,'SOFT'),
(6,3,'SOFT'),
(7,4,'SOFT'),
(6,5,'SOFT'),
(8,6,'SOFT'),
(11,1,'MONITOR'),
(9,2,'MONITOR'),
(9,3,'MONITOR'),
(9,4,'MONITOR'),
(10,5,'MONITOR'),
(10,6,'MONITOR');


INSERT INTO tb_matricula (id_aluno, n_matricula, id_turma) 
VALUES
  (1, 17321, 1),
  (2, 78229, 1),
  (3, 45168, 3),
  (4, 15238, 5),
  (5, 84625, 3),
  (6, 32561, 1),
  (7, 70566, 1),
  (8, 10236, 1),
  (9, 55658, 2),
  (10, 12846, 3),
  (11, 65169, 2),
  (12, 16843, 1),
  (13, 26632, 1),
  (14, 32316, 5),
  (15, 22783, 5),
  (16, 46503, 3),
  (17, 32354, 3),
  (18, 32645, 6),
  (19, 78226, 3),
  (20, 32006, 1),
  (21, 12168, 1),
  (22, 1662, 1),
  (23, 15616, 1),
  (24, 31561, 1),
  (25, 32303, 2),
  (26, 15523, 5),
  (27, 45269, 2),
  (28, 15465, 3),
  (29, 98624, 3),
  (30, 82265, 3),
  (31, 75698, 6),
  (32, 74423, 6),
  (33, 70230, 1),
  (34, 12083, 1),
  (35, 70104, 4),
  (36, 20350, 6),
  (37, 40521, 1),
  (38, 50685, 6),
  (39, 88695, 2),
  (40, 44444, 4),
  (41, 55560, 1),
  (42, 32016, 6),
  (43, 12542, 6),
  (44, 50069, 1),
  (45, 80456, 4),
  (46, 64005, 6),
  (47, 13250, 5),
  (48, 74500, 5),
  (49, 35006, 1),
  (50, 10203, 4),
  (51, 3250, 6),
  (52, 15123, 5),
  (53, 80765, 6),
  (54, 82455, 1),
  (55, 5138, 4),
  (56, 4546, 2),
  (57, 1843, 6),
  (58, 35403, 1),
  (59, 20654, 1),
  (60, 4853, 4),
  (61, 15649, 6),
  (62, 16940, 3),
  (63, 13384, 3),
  (64, 1296, 2),
  (65, 15623, 2),
  (66, 56503, 3),
  (67, 13642, 6),
  (68, 1680, 1),
  (69, 25646, 1),
  (70, 12506, 1),
  (71, 77700, 1),
  (72, 36250, 6),
  (73, 42065, 6),
  (74, 42095, 6),
  (75, 1256, 4),
  (76, 12329, 1),
  (77, 9825, 4),
  (78, 98045, 1),
  (79, 98882, 2),
  (80, 7546, 4),
  (81, 75128, 1),
  (82, 8526, 6),
  (83, 45699, 1),
  (84, 3578, 2),
  (85, 75396, 1),
  (86, 15982, 6),
  (87, 742289, 6),
  (88, 64223, 2),
  (89, 46198, 5),
  (90, 26982, 5);

INSERT INTO tb_matricula (id_aluno, n_matricula, id_turma) 
VALUES 
(91, 42595, 5),
  (92, 15625, 5),
  (93, 12952, 4),
  (94, 65565, 4),
  (95, 98542, 5),
  (96, 63596, 6),
  (97, 9745, 5),
  (98, 45285, 4),
  (99, 54313, 2),
  (100, 71549, 3),
  (101, 43138, 3),
  (102, 98433, 3),
  (103, 98125, 3),
  (104, 8723, 3),
  (105, 7529, 3),
  (106, 96134, 6),
  (107, 30589, 5),
  (108, 9854, 5),
  (109, 55156, 4),
  (110, 47852, 4),
  (111, 93720, 6),
  (112, 20003, 3),
  (113, 69824, 3),
  (114, 20011, 4),
  (115, 20315, 2),
  (116, 45200, 6),
  (117, 68500, 3),
  (118, 61292, 6),
  (119, 62004, 2),
  (120, 741352, 5),
  (121, 65952, 4),
  (122, 84363, 2),
  (123, 65324, 4),
  (124, 97613, 3),
  (125, 13225, 6),
  (126, 10023, 2),
  (127, 30025, 3),
  (128, 412358, 2),
  (129, 71395, 4),
  (130, 20396, 3),
  (131, 16546, 6),
  (132, 9820, 6),
  (133, 75231, 3),
  (134, 84310, 4),
  (135, 95260, 3),
  (136, 72620, 2),
  (137, 76165, 4),
  (138, 45036, 3),
  (139, 41390, 4),
  (140, 87516, 6),
  (141, 78133, 3),
  (142, 132650, 2),
  (143, 26546, 2),
  (144, 68765, 5),
  (145, 93100, 5),
  (146, 3135, 5),
  (147, 13235, 5),
  (148, 341303, 2),
  (149, 13066, 3),
  (150, 20651, 3),
  (151, 65440, 4),
  (152, 65011, 2),
  (153, 223620, 4),
  (154, 61006, 5),
  (155, 521003, 5),
  (156, 15110, 4),
  (157, 81002, 2),
  (158, 41102, 4),
  (159, 40035, 4),
  (160, 74130, 2),
  (161, 123290, 5),
  (162, 94620, 5),
  (163, 42006, 4),
  (164, 36200, 2),
  (165, 40353, 4),
  (166, 13130, 5),
  (167, 13510, 6),
  (168, 3500, 2),
  (169, 26600, 2),
  (170, 91312, 4),
  (171, 23510, 5),
  (172, 12382, 2),
  (173, 6600, 5),
  (174, 40404, 6),
  (175, 60606, 4),
  (176, 38406, 2),
  (177, 26506, 2),
  (178, 20880, 5),
  (179, 32400, 5),
  (180, 66333, 5);

 
